Step number,Repeats,Step name,Elapsed Time  (s),DC Working Electrode (V),DC Current (A),Frequency (Hz),|Z| (Ohms),Phase (deg),Z' (Ohms),-Z" (Ohms),THD (%),Amplitude (A),Amplitude (V),No of Cycles,Duration of Each Frequency (s)
2,1,Potentiostatic EIS,5.16183144000001,-0.000243645033333451,-1.34115151695369e-07,1000000,99.9574002162983,2.17277951395328,99.8855349630227,-3.78969169616687,1.52738745116219,9.9694347275064e-05,0.00996520747347485,1430,0.00143
2,1,Potentiostatic EIS,5.34985390000001,-0.000218807777855545,-1.23525761352994e-07,794328.1875,100.161133895749,1.09954601557094,100.142690645394,-1.92204411579498,1.74715579922243,9.98157350032873e-05,0.00999756955707588,1445,0.00181914732819424
2,1,Potentiostatic EIS,5.5440149,-0.000194664916489273,-1.24114063737579e-07,630957.375,99.8473170142931,0.424740719595662,99.8445735017687,-0.740173765168708,1.49179196788618,0.000100032000278311,0.00998793803841685,1355,0.00214753017190741
2,1,Potentiostatic EIS,5.74814817,-0.000197564682457596,-1.07118744097079e-07,501187.25,100.085284861604,-0.336591347829437,100.083557832659,0.587960360219531,1.4657394593693,0.000100268972709756,0.0100356175257974,1385,0.00276343821595621
2,1,Potentiostatic EIS,5.95414255000001,-0.000179140886757523,-1.1030863902306e-07,398107.15625,99.6342628395526,-1.06549771632999,99.6170351918534,1.85273612964631,1.39073277840151,9.98647970651864e-05,0.00994996904876528,1400,0.00351664113046197
2,1,Potentiostatic EIS,6.17054733,-0.000195031485054642,-9.6431307383682e-08,316227.6875,100.164781615698,-1.96926295816624,100.105624844973,3.44199804156027,1.4537394040162,9.95761105306285e-05,0.00997407915582635,1370,0.00433232147011163
2,1,Potentiostatic EIS,6.40836829000001,-0.00019256683299318,-1.02157417813942e-07,251188.59375,100.199436088038,-2.923746231766,100.069006799711,5.1108580962672,1.55385523685929,9.93462766721226e-05,0.0099545522745738,1340,0.00533463713457331
2,1,Potentiostatic EIS,6.67363606,-0.000169905147049576,-1.07618798494968e-07,199526.171875,100.606332859616,-4.05164983778238,100.35489371882,7.10841178775222,1.50327315656597,9.94342983737996e-05,0.010003713189604,1355,0.00679108904494437
2,1,Potentiostatic EIS,6.97561171,-0.000181244930718094,-1.11119183543451e-07,158489.3125,100.458942447672,-5.22768599872234,100.041082232476,9.15319525955985,1.3647297911103,9.91325165248461e-05,0.00995876033331639,1360,0.00858102025018248
2,1,Potentiostatic EIS,7.48594242000001,-0.000186439475510269,-1.61887337526423e-06,125892.5546875,100.589409961583,-6.89468141928919,99.8619965936877,12.0752239209785,1.60624152264944,9.91124747826476e-05,0.0099697114507677,1370,0.0108822956480684
2,1,Potentiostatic EIS,7.88448142000001,-0.000157145282719284,-1.61302984906797e-06,100000.015625,101.220694901867,-8.57807661083539,100.088392247132,15.0977751275193,1.63648472264448,9.83715412855138e-05,0.0099573232127434,1370,0.0136999978593753
2,1,Potentiostatic EIS,8.22963153,-0.000171125552151352,-1.60163579039363e-06,79432.78125,101.886271597509,-11.02572842936,100.005593919637,19.485726181541,1.65450634597097,9.78863667912963e-05,0.009973396861166,1365,0.0171843410053076
2,1,Potentiostatic EIS,8.37157862,-0.000175086280796677,-1.65050007581158e-06,63095.70703125,103.115073462867,-13.7438282568383,100.1626483469,24.4982091465409,1.54654029327854,9.7049941303005e-05,0.0100073932014186,1290,0.0204451310666998
2,1,Potentiostatic EIS,8.51839675,-0.000204533955547959,-1.62390304012661e-06,50118.75,104.552084546862,-17.5239196681545,99.699961346547,31.4810433529634,1.54378054269459,9.55046396400495e-05,0.00998559387535512,1025,0.0204514278588353
2,1,Potentiostatic EIS,8.6644484,-0.000162691494915634,-1.65797134741297e-06,39810.6875,107.870549738681,-21.8351480040613,100.131683196776,40.1210857418605,1.67195203090928,9.27811805126028e-05,0.0100083950772903,815,0.0204718896150688
2,1,Potentiostatic EIS,8.81050541,-0.000162688514683396,-1.59629685185791e-06,31622.779296875,111.905301633414,-26.6749445979772,99.9949730438356,50.237455146813,1.60246592111171,8.91193115152328e-05,0.00997296747765749,645,0.0203966891696879
2,1,Potentiostatic EIS,8.95727976,-0.000149198493454605,-1.65496003319277e-06,25118.88671875,118.820100495433,-32.3182892743974,100.413823757908,63.5238559917491,1.55392201343848,8.3656312664457e-05,0.00994012082226273,510,0.020303447589471
2,1,Potentiostatic EIS,9.10421121,-0.000132327398750931,-1.6816546803966e-06,19952.607421875,128.37030499168,-38.2134955758799,100.861987673651,79.4090337819149,1.5010357235037,7.75280070957134e-05,0.0099523858108411,405,0.0202980989620424
2,1,Potentiostatic EIS,9.25023524,-0.000127658864948899,-1.7351091855744e-06,15848.921875,142.176583378248,-44.6740316178824,101.104356493141,99.9604419719111,1.85841382021235,6.98333863213787e-05,0.00992870834835955,320,0.0201906478260055
2,1,Potentiostatic EIS,9.39723542000001,-0.000130622705910355,-1.64218238296598e-06,12589.24609375,161.985012328608,-51.2333993189419,101.426819403103,126.300215854406,1.93719897087623,6.17922399036218e-05,0.0100094966873615,255,0.0202553828959302
2,1,Potentiostatic EIS,9.52681839,0.000105358150904067,3.56070657403507e-08,9999.9833984375,189.011279548365,-57.2472921680785,102.257789741231,158.961027405299,0.629688395873789,5.04585893242394e-05,0.00953724253237993,307,0.0307000509668815
2,1,Potentiostatic EIS,9.6062717,9.87615057965741e-05,3.2594904553207e-08,7943.2734375,225.46491331003,-62.6055317792035,103.739578015108,200.181235602008,0.0675656858444077,4.33080530452567e-05,0.00976444642547499,244,0.0307178145030337
2,1,Potentiostatic EIS,9.68517402,9.30490641621873e-05,3.78539866119354e-08,6309.57080078125,273.554371370346,-67.0967617434959,106.460799669249,251.98827796072,0.0582272283287661,3.61475981849947e-05,0.00988833349804409,193,0.0305884514325606
2,1,Potentiostatic EIS,9.76477713000001,0.000108366846689023,3.66809942420332e-08,5011.86572265625,335.403712765367,-70.9368053342844,109.546481873693,317.009808753435,0.0701016825448212,2.96387419002297e-05,0.0099409440750315,153,0.0305275537028776
2,1,Potentiostatic EIS,9.84397849,9.85904043773189e-05,3.70034527463758e-08,3981.06640625,415.432079595421,-73.7924077512246,115.954717364328,398.92144123616,0.0752824261029337,2.40280393482562e-05,0.00998201835504667,122,0.030645055256669
2,1,Potentiostatic EIS,9.92339657,0.000102977603091858,3.71281743127838e-08,3162.27099609375,516.686720917344,-76.0074090318925,124.933000772092,501.35507665765,0.129006315056457,1.9340393064424e-05,0.00999292427370976,97,0.0306741579452934
2,1,Potentiostatic EIS,10.047312,0.000103145503089763,-5.49614114220276e-08,2511.8818359375,646.111312389383,-77.4301505921565,140.612983534796,630.624941513555,0.094838569316098,1.54680242703267e-05,0.00999406546137159,77,0.0306543082156019
2,1,Potentiostatic EIS,10.12712525,0.000108837950392626,-5.55097230403589e-08,1995.25964355469,809.309623073486,-78.3507984639279,163.41501922705,792.639639111224,0.122032023896348,1.2390418120197e-05,0.0100276846185796,61,0.0305724621840817
2,1,Potentiostatic EIS,10.20672648,0.000108511434518732,-5.43801945696032e-08,1584.88989257813,1013.55805712886,-78.6424503852105,199.601006077928,993.709904118655,0.151555070190753,9.88898206756145e-06,0.0100230574513797,48,0.0302860155931204
2,1,Potentiostatic EIS,10.28546214,0.000113244590465911,-5.42239035894454e-08,1258.92407226563,1270.300957695,-78.3014752372582,257.568867593787,1243.91430636009,0.11138035411217,7.65141529709164e-06,0.00971960017961771,38,0.030184505036601
2,1,Potentiostatic EIS,10.40860227,0.000108199965325184,1.06688151646495e-08,999.998901367188,1590.1806530034,-77.348921242039,348.270516935413,1551.57408982615,0.184111298422879,6.16704963471726e-06,0.00980672301523906,30,0.0300000329590206
2,1,Potentiostatic EIS,10.48831714,0.000108648629975505,1.13985034744246e-08,794.327941894531,1987.18894506861,-75.7674119307598,488.567763688181,1926.19351148518,0.211865993428883,4.96728616565308e-06,0.00987093615537803,24,0.0302142210215572
2,1,Potentiostatic EIS,10.56769882,2.96460493700579e-05,1.2246334613053e-08,630.956481933594,2471.57035598002,-73.5032341306204,701.830139764882,2369.8300528681,0.175328749907602,4.01408744584708e-06,0.00992109953746722,19,0.0301130118225803
2,1,Potentiostatic EIS,10.64671308,9.93525463854894e-05,1.17467102711544e-08,501.186889648438,3058.35747414561,-70.5337467734093,1019.20249954262,2883.53545228568,0.209723738439069,3.11384829379014e-06,0.00952326120266864,15,0.0299289552656134
2,1,Potentiostatic EIS,10.72601107,0.000109071857878007,1.11039053507511e-08,398.10693359375,3747.55666857982,-66.6891725034558,1482.97959967856,3441.64967583197,0.385227280220479,2.59007975525601e-06,0.00970647065896326,12,0.0301426551195048
2,1,Potentiostatic EIS,10.8076744,0.000110386739834212,1.16846656794678e-08,316.227661132813,4530.41368526631,-62.0100304582603,2126.20008157869,4000.49014156303,0.514213167826055,2.16731165752463e-06,0.0098188183934868,9,0.0284605083810808
2,1,Potentiostatic EIS,10.88819445,0.000103390120784752,1.17343779137968e-08,251.188613891602,5398.11474807723,-56.6101871600483,2970.75688265295,4507.13283336302,0.160156991235018,1.83413361183333e-06,0.00990086369998164,8,0.0318485773541166
2,1,Potentiostatic EIS,10.97696478,0.000104938648291864,1.2168372975907e-08,199.525680541992,6290.70428151644,-50.5451208613372,3997.55613258063,4857.21168206166,0.425354815560321,1.58167078231364e-06,0.00994982316224988,8,0.0400950894053777
2,1,Potentiostatic EIS,11.14062736,0.000107823478174396,3.13795345263657e-09,158.489273071289,7138.31905967143,-44.1699753913978,5120.14382417946,4973.90452435362,0.584200524437773,1.40042508565147e-06,0.00999668108054791,8,0.050476602264442
2,1,Potentiostatic EIS,11.25313126,0.000112339752377011,3.27537197364336e-09,125.89225769043,7897.20696784401,-37.7711207288792,6242.4565503011,4837.1080317238,0.144693430734066,1.26599122030567e-06,0.00999779468622726,8,0.0635464018738315
2,1,Potentiostatic EIS,11.38275495,0.000110337059595622,2.60663957085683e-09,100.000030517578,8522.64702754612,-31.6633071910129,7254.02930523598,4473.76476749932,0.149570544901742,1.17504246688471e-06,0.0100144721876354,8,0.0799999755859449
2,1,Potentiostatic EIS,11.53356311,0.000101030236692168,2.74143063805354e-09,79.4327239990234,9000.14106317329,-26.1367856681491,8079.83106363051,3964.70290692878,0.531457209597853,1.11352705158934e-06,0.0100219005419635,8,0.100714159067469
2,1,Potentiostatic EIS,11.71217759,0.000103603801107965,2.88677126647485e-09,63.0956497192383,9353.15247086237,-21.5334829392583,8700.332642572,3433.02680615736,0.300936682458761,1.07196922948869e-06,0.0100262916474806,8,0.126791625660378
2,1,Potentiostatic EIS,11.926499,0.000111069137346931,3.35190231126603e-09,50.1186141967773,9593.58739407642,-17.1989524352515,9164.5983195084,2836.73346119193,0.347308356868735,1.0249710969609e-06,0.00983314979509677,8,0.159621332876247
2,1,Potentiostatic EIS,12.18997976,0.000116752533358522,2.99035507467238e-09,39.810676574707,9751.96152434988,-13.8489614711648,9468.47287312364,2334.26113006283,0.495028118430175,1.01219372488217e-06,0.00987087426023931,8,0.200951118853445
2,1,Potentiostatic EIS,12.34187785,0.000145605765283108,4.7604571395965e-09,31.622766494751,9860.39121131441,-11.0693528037455,9676.94358811698,1893.16603407306,0.632182384287942,1.01578722384906e-06,0.0100160465310273,2,0.0632455734172397
2,1,Potentiostatic EIS,12.50413459,0.000116922106826678,1.34413979946402e-09,25.1187877655029,9935.07949764141,-8.81705306250116,9817.67471775309,1522.84856793004,0.640612561069438,9.82437034313893e-07,0.00976046162121607,2,0.0796216767572962
2,1,Potentiostatic EIS,12.70507035,0.000114153488539159,1.39001180010645e-09,19.9525852203369,9971.38029218131,-7.05608147574795,9895.86094376117,1224.89228630276,0.569789448144568,9.87802096230233e-07,0.0098497339030143,2,0.100237637274265
2,1,Potentiostatic EIS,12.95281757,0.000122298471978866,2.31371188874618e-09,15.8488998413086,9996.43065345957,-5.59073791145354,9948.87924864831,973.872427600895,0.553247402424139,9.91863202605658e-07,0.00991506433208525,2,0.126191724348412
2,1,Potentiostatic EIS,13.26029395,0.000133212903165258,3.9901321136071e-09,12.589225769043,10018.6318481263,-4.45737607521516,9988.32975242977,778.622414921261,0.557151151375133,9.93826885545908e-07,0.00995679025141631,2,0.158866004684579
2,1,Potentiostatic EIS,13.64282473,0.000134916583192535,3.85691278914635e-09,9.99998474121094,10030.3889854345,-3.54619718662408,10011.1833078391,620.412746460895,0.55638769961838,9.94252152605163e-07,0.00997273127274203,2,0.200000305176247
2,1,Potentiostatic EIS,14.11892281,0.000123687685118057,2.95124125138102e-09,7.94327640533447,10037.9533523282,-2.82932990889951,10025.7170882882,495.483974638827,0.5412899015395,9.94983157882038e-07,0.0099875925509166,2,0.251785270704776
2,1,Potentiostatic EIS,14.71213787,0.000120251410407946,2.41376707510454e-09,6.30957412719727,10039.3942306241,-2.24024777984946,10031.721162925,392.437290802936,0.538045444933257,9.95680058008115e-07,0.00999602677479633,2,0.316978604210235
2,1,Potentiostatic EIS,15.4170924,0.00012648687697947,2.85896306628786e-09,5.0118613243103,10042.5813099421,-1.77592521752412,10037.7575612486,311.227422307047,0.548578717699795,9.9637272358512e-07,0.0100061551273459,2,0.399053339783943
2,1,Potentiostatic EIS,16.30355871,0.000115046030259691,2.02889477440849e-09,3.98106288909912,10049.0226819439,-1.40726055779194,10045.9917529347,246.792548897738,0.0729678468863026,9.96709430293689e-07,0.0100159571469351,2,0.50237839886337
2,1,Potentiostatic EIS,17.46814179,0.000121329532703385,2.29505470183966e-09,3.16226768493652,10047.8279882934,-1.13102293188073,10045.8703806617,198.331987526774,0.0672141215111683,9.96981165248823e-07,0.0100174955152552,2,0.63245752708634
2,1,Potentiostatic EIS,18.93056955,0.00012703389802482,3.37103989167531e-09,2.51188230514526,10047.1655190033,-0.904377779963358,10045.9139377588,158.581592227692,0.0579258605252182,9.97206019968801e-07,0.0100190961703881,2,0.796215649078486
2,1,Potentiostatic EIS,20.76870051,0.000122045865282416,2.61629462539048e-09,1.99526083469391,10041.8083653293,-0.713562925093471,10041.0296197226,125.057674096241,0.0590893287000735,9.97649565169817e-07,0.0100182051237428,2,1.00237521091162
2,1,Potentiostatic EIS,23.0782985,0.000125251535791904,2.67872357628818e-09,1.58489120006561,10048.4224548796,-0.5584438657892,10047.9451693843,97.9372491739003,0.0755173617903931,9.96948560951604e-07,0.0100177619294038,2,1.26191627533625
2,1,Potentiostatic EIS,25.98325936,0.000131982305902056,3.24059745704375e-09,1.2589225769043,10051.8723742259,-0.437762665770143,10051.5789830597,76.7995770706754,0.0575493585467682,9.96677324203795e-07,0.0100184738203118,2,1.58866004684579
2,1,Potentiostatic EIS,29.63476522,0.000120414712000638,2.4666585440869e-09,0.999997973442078,10048.9226306174,-0.327723788283648,10048.7582468268,57.4781085648867,0.0537090591427468,9.97771986746808e-07,0.0100265335861789,2,2.00000405312406
